Image,Predicted_Label,Confidence(%)
Test\300.tif,HP,92.4495849609375
Test\s11_15.tif,HP,100.0
Test\s11_67.tif,HP,99.99970245361328
Test\s1_48.tif,EpsonV39-1,65.19515228271484
Test\s2_92.tif,Canon120-2,95.61737823486328
Test\s4_95.tif,Canon9000-1,94.89064025878906
Test\s5_65.tif,Canon9000-2,95.718017578125
Test\s5_94.tif,Canon9000-2,98.11516571044922
Test\s6_37.tif,EpsonV370-1,50.49455642700195
Test\s7_29.tif,EpsonV370-2,99.41028594970703
